ID,TITLE
1,DIRECTOR
2,PRODUCER
3,1ST ASSISTANT DIRECTOR
4,2ND ASSISTANT DIRECTOR
5,ASSTANT PRODUCER
6,DIRECTOR OF PHOTOGRAPHY
7,1ST ASSISTANT CAMERA
8,2ND ASSISTANT CAMERA
9,CAMERA OPERATOR
10,SCRIPT SUPERVISOR
11,PRODUCTION ASSISTANT
12,EDITOR
13,ASSISTANT EDITOR
14,SOUND MIXER
15,BOOM OPERATOR
16,PRODUCTION DESIGNER
17,SET PHOTOGRAPHER
18,SOCIAL MEDIA MANAGER
19,GAFFER
20,KEY GRIP
21,GRIP
22,LIGHTING TECHNICIAN
23,HAIR & MAKEUP
24,CHOREOGRAPHER
25,WRITER
26,COLORIST
27,COMPOSER
28,DIGITAL IMAGING TECHNICIAN
29,PROPERTY MASTER
30,CASTING DIRECTOR
31,LOCATION MANAGER